task_id,request,taxonomy,selector,selected_service_id,selected_display_name,best_service_id,best_display_name,utility,best_utility,regret,alignment_score,constraint_violation,feasible_candidates,cost_per_unit,quality_score,latency_seconds,uptime,reasoning
1,I need a cheap but reliable TTS API for a 10-minute voiceover; latency should stay under one second.,ai.audio.tts,asm_topsis,openai/tts-1@1.0,OpenAI TTS,openai/tts-1@1.0,OpenAI TTS,0.9414,0.9414,0.0,1.0,False,2,1.5e-05,0.75,0.5,0.999,Selected by constraint filtering plus preference-weighted TOPSIS.
1,I need a cheap but reliable TTS API for a 10-minute voiceover; latency should stay under one second.,ai.audio.tts,weighted_average,openai/tts-1@1.0,OpenAI TTS,openai/tts-1@1.0,OpenAI TTS,0.9414,0.9414,0.0,1.0,False,2,1.5e-05,0.75,0.5,0.999,weighted_average matched the zero-regret ASM-TOPSIS choice for this request.
1,I need a cheap but reliable TTS API for a 10-minute voiceover; latency should stay under one second.,ai.audio.tts,cheapest_first,openai/tts-1@1.0,OpenAI TTS,openai/tts-1@1.0,OpenAI TTS,0.9414,0.9414,0.0,1.0,False,2,1.5e-05,0.75,0.5,0.999,cheapest_first matched the zero-regret ASM-TOPSIS choice for this request.
1,I need a cheap but reliable TTS API for a 10-minute voiceover; latency should stay under one second.,ai.audio.tts,fastest_first,elevenlabs/tts-v2@2.0,ElevenLabs TTS v2,openai/tts-1@1.0,OpenAI TTS,0.0586,0.9414,0.8828,0.0622,False,2,0.00018,0.875,0.4,0.999,fastest_first optimized a narrower rule and missed the preference-weighted best feasible service.
1,I need a cheap but reliable TTS API for a 10-minute voiceover; latency should stay under one second.,ai.audio.tts,highest_quality_first,elevenlabs/tts-v2@2.0,ElevenLabs TTS v2,openai/tts-1@1.0,OpenAI TTS,0.0586,0.9414,0.8828,0.0622,False,2,0.00018,0.875,0.4,0.999,highest_quality_first optimized a narrower rule and missed the preference-weighted best feasible service.
1,I need a cheap but reliable TTS API for a 10-minute voiceover; latency should stay under one second.,ai.audio.tts,highest_reliability_first,openai/tts-1@1.0,OpenAI TTS,openai/tts-1@1.0,OpenAI TTS,0.9414,0.9414,0.0,1.0,False,2,1.5e-05,0.75,0.5,0.999,highest_reliability_first matched the zero-regret ASM-TOPSIS choice for this request.
1,I need a cheap but reliable TTS API for a 10-minute voiceover; latency should stay under one second.,ai.audio.tts,random,elevenlabs/tts-v2@2.0,ElevenLabs TTS v2,openai/tts-1@1.0,OpenAI TTS,0.0586,0.9414,0.8828,0.0622,False,2,0.00018,0.875,0.4,0.999,random optimized a narrower rule and missed the preference-weighted best feasible service.
2,"I need premium voice quality for a polished product demo, and cost is secondary.",ai.audio.tts,asm_topsis,elevenlabs/tts-v2@2.0,ElevenLabs TTS v2,elevenlabs/tts-v2@2.0,ElevenLabs TTS v2,0.6587,0.6587,0.0,1.0,False,2,0.00018,0.875,0.4,0.999,Selected by constraint filtering plus preference-weighted TOPSIS.
2,"I need premium voice quality for a polished product demo, and cost is secondary.",ai.audio.tts,weighted_average,elevenlabs/tts-v2@2.0,ElevenLabs TTS v2,elevenlabs/tts-v2@2.0,ElevenLabs TTS v2,0.6587,0.6587,0.0,1.0,False,2,0.00018,0.875,0.4,0.999,weighted_average matched the zero-regret ASM-TOPSIS choice for this request.
2,"I need premium voice quality for a polished product demo, and cost is secondary.",ai.audio.tts,cheapest_first,openai/tts-1@1.0,OpenAI TTS,elevenlabs/tts-v2@2.0,ElevenLabs TTS v2,0.3413,0.6587,0.3174,0.5181,False,2,1.5e-05,0.75,0.5,0.999,cheapest_first optimized a narrower rule and missed the preference-weighted best feasible service.
2,"I need premium voice quality for a polished product demo, and cost is secondary.",ai.audio.tts,fastest_first,elevenlabs/tts-v2@2.0,ElevenLabs TTS v2,elevenlabs/tts-v2@2.0,ElevenLabs TTS v2,0.6587,0.6587,0.0,1.0,False,2,0.00018,0.875,0.4,0.999,fastest_first matched the zero-regret ASM-TOPSIS choice for this request.
2,"I need premium voice quality for a polished product demo, and cost is secondary.",ai.audio.tts,highest_quality_first,elevenlabs/tts-v2@2.0,ElevenLabs TTS v2,elevenlabs/tts-v2@2.0,ElevenLabs TTS v2,0.6587,0.6587,0.0,1.0,False,2,0.00018,0.875,0.4,0.999,highest_quality_first matched the zero-regret ASM-TOPSIS choice for this request.
2,"I need premium voice quality for a polished product demo, and cost is secondary.",ai.audio.tts,highest_reliability_first,openai/tts-1@1.0,OpenAI TTS,elevenlabs/tts-v2@2.0,ElevenLabs TTS v2,0.3413,0.6587,0.3174,0.5181,False,2,1.5e-05,0.75,0.5,0.999,highest_reliability_first optimized a narrower rule and missed the preference-weighted best feasible service.
2,"I need premium voice quality for a polished product demo, and cost is secondary.",ai.audio.tts,random,openai/tts-1@1.0,OpenAI TTS,elevenlabs/tts-v2@2.0,ElevenLabs TTS v2,0.3413,0.6587,0.3174,0.5181,False,2,1.5e-05,0.75,0.5,0.999,random optimized a narrower rule and missed the preference-weighted best feasible service.
3,"I need a low-cost general chat model, but it still needs strong quality and reasonable latency.",ai.llm.chat,asm_topsis,openai/gpt-4o@2024-11-20,GPT-4o,openai/gpt-4o@2024-11-20,GPT-4o,0.9083,0.9083,0.0,1.0,False,3,7.75e-06,0.8083333333333333,0.6,0.999,Selected by constraint filtering plus preference-weighted TOPSIS.
3,"I need a low-cost general chat model, but it still needs strong quality and reasonable latency.",ai.llm.chat,weighted_average,google/gemini-2.5-pro@2.5,Gemini 2.5 Pro,openai/gpt-4o@2024-11-20,GPT-4o,0.7394,0.9083,0.1689,0.814,False,3,7.375e-06,0.8333333333333334,1.5,0.999,weighted_average optimized a narrower rule and missed the preference-weighted best feasible service.
3,"I need a low-cost general chat model, but it still needs strong quality and reasonable latency.",ai.llm.chat,cheapest_first,google/gemini-2.5-pro@2.5,Gemini 2.5 Pro,openai/gpt-4o@2024-11-20,GPT-4o,0.7394,0.9083,0.1689,0.814,False,3,7.375e-06,0.8333333333333334,1.5,0.999,cheapest_first optimized a narrower rule and missed the preference-weighted best feasible service.
3,"I need a low-cost general chat model, but it still needs strong quality and reasonable latency.",ai.llm.chat,fastest_first,openai/gpt-4o@2024-11-20,GPT-4o,openai/gpt-4o@2024-11-20,GPT-4o,0.9083,0.9083,0.0,1.0,False,3,7.75e-06,0.8083333333333333,0.6,0.999,fastest_first matched the zero-regret ASM-TOPSIS choice for this request.
3,"I need a low-cost general chat model, but it still needs strong quality and reasonable latency.",ai.llm.chat,highest_quality_first,google/gemini-2.5-pro@2.5,Gemini 2.5 Pro,openai/gpt-4o@2024-11-20,GPT-4o,0.7394,0.9083,0.1689,0.814,False,3,7.375e-06,0.8333333333333334,1.5,0.999,highest_quality_first optimized a narrower rule and missed the preference-weighted best feasible service.
3,"I need a low-cost general chat model, but it still needs strong quality and reasonable latency.",ai.llm.chat,highest_reliability_first,anthropic/claude-sonnet-4@4.0,Claude Sonnet 4,openai/gpt-4o@2024-11-20,GPT-4o,0.2148,0.9083,0.6935,0.2365,False,3,1.14e-05,0.8166666666666667,0.8,0.999,highest_reliability_first optimized a narrower rule and missed the preference-weighted best feasible service.
3,"I need a low-cost general chat model, but it still needs strong quality and reasonable latency.",ai.llm.chat,random,google/gemini-2.5-pro@2.5,Gemini 2.5 Pro,openai/gpt-4o@2024-11-20,GPT-4o,0.7394,0.9083,0.1689,0.814,False,3,7.375e-06,0.8333333333333334,1.5,0.999,random optimized a narrower rule and missed the preference-weighted best feasible service.
4,I need the best chat model quality for a reasoning-heavy analysis task; cost is not important.,ai.llm.chat,asm_topsis,google/gemini-2.5-pro@2.5,Gemini 2.5 Pro,google/gemini-2.5-pro@2.5,Gemini 2.5 Pro,0.5341,0.5341,0.0,1.0,False,3,7.375e-06,0.8333333333333334,1.5,0.999,Selected by constraint filtering plus preference-weighted TOPSIS.
4,I need the best chat model quality for a reasoning-heavy analysis task; cost is not important.,ai.llm.chat,weighted_average,google/gemini-2.5-pro@2.5,Gemini 2.5 Pro,google/gemini-2.5-pro@2.5,Gemini 2.5 Pro,0.5341,0.5341,0.0,1.0,False,3,7.375e-06,0.8333333333333334,1.5,0.999,weighted_average matched the zero-regret ASM-TOPSIS choice for this request.
4,I need the best chat model quality for a reasoning-heavy analysis task; cost is not important.,ai.llm.chat,cheapest_first,google/gemini-2.5-pro@2.5,Gemini 2.5 Pro,google/gemini-2.5-pro@2.5,Gemini 2.5 Pro,0.5341,0.5341,0.0,1.0,False,3,7.375e-06,0.8333333333333334,1.5,0.999,cheapest_first matched the zero-regret ASM-TOPSIS choice for this request.
4,I need the best chat model quality for a reasoning-heavy analysis task; cost is not important.,ai.llm.chat,fastest_first,openai/gpt-4o@2024-11-20,GPT-4o,google/gemini-2.5-pro@2.5,Gemini 2.5 Pro,0.4891,0.5341,0.045,0.9157,False,3,7.75e-06,0.8083333333333333,0.6,0.999,fastest_first optimized a narrower rule and missed the preference-weighted best feasible service.
4,I need the best chat model quality for a reasoning-heavy analysis task; cost is not important.,ai.llm.chat,highest_quality_first,google/gemini-2.5-pro@2.5,Gemini 2.5 Pro,google/gemini-2.5-pro@2.5,Gemini 2.5 Pro,0.5341,0.5341,0.0,1.0,False,3,7.375e-06,0.8333333333333334,1.5,0.999,highest_quality_first matched the zero-regret ASM-TOPSIS choice for this request.
4,I need the best chat model quality for a reasoning-heavy analysis task; cost is not important.,ai.llm.chat,highest_reliability_first,anthropic/claude-sonnet-4@4.0,Claude Sonnet 4,google/gemini-2.5-pro@2.5,Gemini 2.5 Pro,0.5067,0.5341,0.0274,0.9487,False,3,1.14e-05,0.8166666666666667,0.8,0.999,highest_reliability_first optimized a narrower rule and missed the preference-weighted best feasible service.
4,I need the best chat model quality for a reasoning-heavy analysis task; cost is not important.,ai.llm.chat,random,google/gemini-2.5-pro@2.5,Gemini 2.5 Pro,google/gemini-2.5-pro@2.5,Gemini 2.5 Pro,0.5341,0.5341,0.0,1.0,False,3,7.375e-06,0.8333333333333334,1.5,0.999,random matched the zero-regret ASM-TOPSIS choice for this request.
5,I need a low-latency chat model for an interactive support agent.,ai.llm.chat,asm_topsis,openai/gpt-4o@2024-11-20,GPT-4o,openai/gpt-4o@2024-11-20,GPT-4o,0.9873,0.9873,0.0,1.0,False,2,7.75e-06,0.8083333333333333,0.6,0.999,Selected by constraint filtering plus preference-weighted TOPSIS.
5,I need a low-latency chat model for an interactive support agent.,ai.llm.chat,weighted_average,openai/gpt-4o@2024-11-20,GPT-4o,openai/gpt-4o@2024-11-20,GPT-4o,0.9873,0.9873,0.0,1.0,False,2,7.75e-06,0.8083333333333333,0.6,0.999,weighted_average matched the zero-regret ASM-TOPSIS choice for this request.
5,I need a low-latency chat model for an interactive support agent.,ai.llm.chat,cheapest_first,openai/gpt-4o@2024-11-20,GPT-4o,openai/gpt-4o@2024-11-20,GPT-4o,0.9873,0.9873,0.0,1.0,False,2,7.75e-06,0.8083333333333333,0.6,0.999,cheapest_first matched the zero-regret ASM-TOPSIS choice for this request.
5,I need a low-latency chat model for an interactive support agent.,ai.llm.chat,fastest_first,openai/gpt-4o@2024-11-20,GPT-4o,openai/gpt-4o@2024-11-20,GPT-4o,0.9873,0.9873,0.0,1.0,False,2,7.75e-06,0.8083333333333333,0.6,0.999,fastest_first matched the zero-regret ASM-TOPSIS choice for this request.
5,I need a low-latency chat model for an interactive support agent.,ai.llm.chat,highest_quality_first,anthropic/claude-sonnet-4@4.0,Claude Sonnet 4,openai/gpt-4o@2024-11-20,GPT-4o,0.0127,0.9873,0.9746,0.0129,False,2,1.14e-05,0.8166666666666667,0.8,0.999,highest_quality_first optimized a narrower rule and missed the preference-weighted best feasible service.
5,I need a low-latency chat model for an interactive support agent.,ai.llm.chat,highest_reliability_first,anthropic/claude-sonnet-4@4.0,Claude Sonnet 4,openai/gpt-4o@2024-11-20,GPT-4o,0.0127,0.9873,0.9746,0.0129,False,2,1.14e-05,0.8166666666666667,0.8,0.999,highest_reliability_first optimized a narrower rule and missed the preference-weighted best feasible service.
5,I need a low-latency chat model for an interactive support agent.,ai.llm.chat,random,openai/gpt-4o@2024-11-20,GPT-4o,openai/gpt-4o@2024-11-20,GPT-4o,0.9873,0.9873,0.0,1.0,False,2,7.75e-06,0.8083333333333333,0.6,0.999,random matched the zero-regret ASM-TOPSIS choice for this request.
6,I need embeddings for a high-volume RAG pipeline and want to minimize cost without falling below acceptable benchmark quality.,ai.llm.embedding,asm_topsis,openai/text-embedding-3-large@3.0,text-embedding-3-large,openai/text-embedding-3-large@3.0,text-embedding-3-large,0.9696,0.9696,0.0,1.0,False,2,1.3e-07,0.6459999999999999,0.1,0.999,Selected by constraint filtering plus preference-weighted TOPSIS.
6,I need embeddings for a high-volume RAG pipeline and want to minimize cost without falling below acceptable benchmark quality.,ai.llm.embedding,weighted_average,openai/text-embedding-3-large@3.0,text-embedding-3-large,openai/text-embedding-3-large@3.0,text-embedding-3-large,0.9696,0.9696,0.0,1.0,False,2,1.3e-07,0.6459999999999999,0.1,0.999,weighted_average matched the zero-regret ASM-TOPSIS choice for this request.
6,I need embeddings for a high-volume RAG pipeline and want to minimize cost without falling below acceptable benchmark quality.,ai.llm.embedding,cheapest_first,openai/text-embedding-3-large@3.0,text-embedding-3-large,openai/text-embedding-3-large@3.0,text-embedding-3-large,0.9696,0.9696,0.0,1.0,False,2,1.3e-07,0.6459999999999999,0.1,0.999,cheapest_first matched the zero-regret ASM-TOPSIS choice for this request.
6,I need embeddings for a high-volume RAG pipeline and want to minimize cost without falling below acceptable benchmark quality.,ai.llm.embedding,fastest_first,openai/text-embedding-3-large@3.0,text-embedding-3-large,openai/text-embedding-3-large@3.0,text-embedding-3-large,0.9696,0.9696,0.0,1.0,False,2,1.3e-07,0.6459999999999999,0.1,0.999,fastest_first matched the zero-regret ASM-TOPSIS choice for this request.
6,I need embeddings for a high-volume RAG pipeline and want to minimize cost without falling below acceptable benchmark quality.,ai.llm.embedding,highest_quality_first,voyageai/voyage-3-large@3.0,Voyage 3 Large,openai/text-embedding-3-large@3.0,text-embedding-3-large,0.0304,0.9696,0.9392,0.0314,False,2,1.8e-07,0.662,0.15,0.998,highest_quality_first optimized a narrower rule and missed the preference-weighted best feasible service.
6,I need embeddings for a high-volume RAG pipeline and want to minimize cost without falling below acceptable benchmark quality.,ai.llm.embedding,highest_reliability_first,openai/text-embedding-3-large@3.0,text-embedding-3-large,openai/text-embedding-3-large@3.0,text-embedding-3-large,0.9696,0.9696,0.0,1.0,False,2,1.3e-07,0.6459999999999999,0.1,0.999,highest_reliability_first matched the zero-regret ASM-TOPSIS choice for this request.
6,I need embeddings for a high-volume RAG pipeline and want to minimize cost without falling below acceptable benchmark quality.,ai.llm.embedding,random,openai/text-embedding-3-large@3.0,text-embedding-3-large,openai/text-embedding-3-large@3.0,text-embedding-3-large,0.9696,0.9696,0.0,1.0,False,2,1.3e-07,0.6459999999999999,0.1,0.999,random matched the zero-regret ASM-TOPSIS choice for this request.
7,I need embeddings for a quality-sensitive retrieval benchmark; benchmark quality dominates cost.,ai.llm.embedding,asm_topsis,voyageai/voyage-3-large@3.0,Voyage 3 Large,voyageai/voyage-3-large@3.0,Voyage 3 Large,0.6297,0.6297,0.0,1.0,False,2,1.8e-07,0.662,0.15,0.998,Selected by constraint filtering plus preference-weighted TOPSIS.
7,I need embeddings for a quality-sensitive retrieval benchmark; benchmark quality dominates cost.,ai.llm.embedding,weighted_average,voyageai/voyage-3-large@3.0,Voyage 3 Large,voyageai/voyage-3-large@3.0,Voyage 3 Large,0.6297,0.6297,0.0,1.0,False,2,1.8e-07,0.662,0.15,0.998,weighted_average matched the zero-regret ASM-TOPSIS choice for this request.
7,I need embeddings for a quality-sensitive retrieval benchmark; benchmark quality dominates cost.,ai.llm.embedding,cheapest_first,openai/text-embedding-3-large@3.0,text-embedding-3-large,voyageai/voyage-3-large@3.0,Voyage 3 Large,0.3703,0.6297,0.2594,0.5881,False,2,1.3e-07,0.6459999999999999,0.1,0.999,cheapest_first optimized a narrower rule and missed the preference-weighted best feasible service.
7,I need embeddings for a quality-sensitive retrieval benchmark; benchmark quality dominates cost.,ai.llm.embedding,fastest_first,openai/text-embedding-3-large@3.0,text-embedding-3-large,voyageai/voyage-3-large@3.0,Voyage 3 Large,0.3703,0.6297,0.2594,0.5881,False,2,1.3e-07,0.6459999999999999,0.1,0.999,fastest_first optimized a narrower rule and missed the preference-weighted best feasible service.
7,I need embeddings for a quality-sensitive retrieval benchmark; benchmark quality dominates cost.,ai.llm.embedding,highest_quality_first,voyageai/voyage-3-large@3.0,Voyage 3 Large,voyageai/voyage-3-large@3.0,Voyage 3 Large,0.6297,0.6297,0.0,1.0,False,2,1.8e-07,0.662,0.15,0.998,highest_quality_first matched the zero-regret ASM-TOPSIS choice for this request.
7,I need embeddings for a quality-sensitive retrieval benchmark; benchmark quality dominates cost.,ai.llm.embedding,highest_reliability_first,openai/text-embedding-3-large@3.0,text-embedding-3-large,voyageai/voyage-3-large@3.0,Voyage 3 Large,0.3703,0.6297,0.2594,0.5881,False,2,1.3e-07,0.6459999999999999,0.1,0.999,highest_reliability_first optimized a narrower rule and missed the preference-weighted best feasible service.
7,I need embeddings for a quality-sensitive retrieval benchmark; benchmark quality dominates cost.,ai.llm.embedding,random,voyageai/voyage-3-large@3.0,Voyage 3 Large,voyageai/voyage-3-large@3.0,Voyage 3 Large,0.6297,0.6297,0.0,1.0,False,2,1.8e-07,0.662,0.15,0.998,random matched the zero-regret ASM-TOPSIS choice for this request.
8,I need the highest-quality image generator for advertising assets; latency under 15 seconds is acceptable.,ai.vision.image_generation,asm_topsis,black-forest-labs/flux-1.1-pro@1.1,FLUX 1.1 Pro,black-forest-labs/flux-1.1-pro@1.1,FLUX 1.1 Pro,0.9981,0.9981,0.0,1.0,False,3,0.04,0.904,8.0,0.995,Selected by constraint filtering plus preference-weighted TOPSIS.
8,I need the highest-quality image generator for advertising assets; latency under 15 seconds is acceptable.,ai.vision.image_generation,weighted_average,black-forest-labs/flux-1.1-pro@1.1,FLUX 1.1 Pro,black-forest-labs/flux-1.1-pro@1.1,FLUX 1.1 Pro,0.9981,0.9981,0.0,1.0,False,3,0.04,0.904,8.0,0.995,weighted_average matched the zero-regret ASM-TOPSIS choice for this request.
8,I need the highest-quality image generator for advertising assets; latency under 15 seconds is acceptable.,ai.vision.image_generation,cheapest_first,black-forest-labs/flux-1.1-pro@1.1,FLUX 1.1 Pro,black-forest-labs/flux-1.1-pro@1.1,FLUX 1.1 Pro,0.9981,0.9981,0.0,1.0,False,3,0.04,0.904,8.0,0.995,cheapest_first matched the zero-regret ASM-TOPSIS choice for this request.
8,I need the highest-quality image generator for advertising assets; latency under 15 seconds is acceptable.,ai.vision.image_generation,fastest_first,black-forest-labs/flux-1.1-pro@1.1,FLUX 1.1 Pro,black-forest-labs/flux-1.1-pro@1.1,FLUX 1.1 Pro,0.9981,0.9981,0.0,1.0,False,3,0.04,0.904,8.0,0.995,fastest_first matched the zero-regret ASM-TOPSIS choice for this request.
8,I need the highest-quality image generator for advertising assets; latency under 15 seconds is acceptable.,ai.vision.image_generation,highest_quality_first,black-forest-labs/flux-1.1-pro@1.1,FLUX 1.1 Pro,black-forest-labs/flux-1.1-pro@1.1,FLUX 1.1 Pro,0.9981,0.9981,0.0,1.0,False,3,0.04,0.904,8.0,0.995,highest_quality_first matched the zero-regret ASM-TOPSIS choice for this request.
8,I need the highest-quality image generator for advertising assets; latency under 15 seconds is acceptable.,ai.vision.image_generation,highest_reliability_first,google/imagen-3@3.0,Imagen 3,black-forest-labs/flux-1.1-pro@1.1,FLUX 1.1 Pro,0.246,0.9981,0.7521,0.2465,False,3,0.04,0.72,10.0,0.999,highest_reliability_first optimized a narrower rule and missed the preference-weighted best feasible service.
8,I need the highest-quality image generator for advertising assets; latency under 15 seconds is acceptable.,ai.vision.image_generation,random,openai/dall-e-3@3.0,DALL-E 3,black-forest-labs/flux-1.1-pro@1.1,FLUX 1.1 Pro,0.0019,0.9981,0.9962,0.0019,False,3,0.04,0.67,12.0,0.999,random optimized a narrower rule and missed the preference-weighted best feasible service.
9,I need image generation for a batch workflow where speed matters more than small quality differences.,ai.vision.image_generation,asm_topsis,black-forest-labs/flux-1.1-pro@1.1,FLUX 1.1 Pro,black-forest-labs/flux-1.1-pro@1.1,FLUX 1.1 Pro,0.9982,0.9982,0.0,1.0,False,3,0.04,0.904,8.0,0.995,Selected by constraint filtering plus preference-weighted TOPSIS.
9,I need image generation for a batch workflow where speed matters more than small quality differences.,ai.vision.image_generation,weighted_average,black-forest-labs/flux-1.1-pro@1.1,FLUX 1.1 Pro,black-forest-labs/flux-1.1-pro@1.1,FLUX 1.1 Pro,0.9982,0.9982,0.0,1.0,False,3,0.04,0.904,8.0,0.995,weighted_average matched the zero-regret ASM-TOPSIS choice for this request.
9,I need image generation for a batch workflow where speed matters more than small quality differences.,ai.vision.image_generation,cheapest_first,black-forest-labs/flux-1.1-pro@1.1,FLUX 1.1 Pro,black-forest-labs/flux-1.1-pro@1.1,FLUX 1.1 Pro,0.9982,0.9982,0.0,1.0,False,3,0.04,0.904,8.0,0.995,cheapest_first matched the zero-regret ASM-TOPSIS choice for this request.
9,I need image generation for a batch workflow where speed matters more than small quality differences.,ai.vision.image_generation,fastest_first,black-forest-labs/flux-1.1-pro@1.1,FLUX 1.1 Pro,black-forest-labs/flux-1.1-pro@1.1,FLUX 1.1 Pro,0.9982,0.9982,0.0,1.0,False,3,0.04,0.904,8.0,0.995,fastest_first matched the zero-regret ASM-TOPSIS choice for this request.
9,I need image generation for a batch workflow where speed matters more than small quality differences.,ai.vision.image_generation,highest_quality_first,black-forest-labs/flux-1.1-pro@1.1,FLUX 1.1 Pro,black-forest-labs/flux-1.1-pro@1.1,FLUX 1.1 Pro,0.9982,0.9982,0.0,1.0,False,3,0.04,0.904,8.0,0.995,highest_quality_first matched the zero-regret ASM-TOPSIS choice for this request.
9,I need image generation for a batch workflow where speed matters more than small quality differences.,ai.vision.image_generation,highest_reliability_first,google/imagen-3@3.0,Imagen 3,black-forest-labs/flux-1.1-pro@1.1,FLUX 1.1 Pro,0.4797,0.9982,0.5185,0.4806,False,3,0.04,0.72,10.0,0.999,highest_reliability_first optimized a narrower rule and missed the preference-weighted best feasible service.
9,I need image generation for a batch workflow where speed matters more than small quality differences.,ai.vision.image_generation,random,google/imagen-3@3.0,Imagen 3,black-forest-labs/flux-1.1-pro@1.1,FLUX 1.1 Pro,0.4797,0.9982,0.5185,0.4806,False,3,0.04,0.72,10.0,0.999,random optimized a narrower rule and missed the preference-weighted best feasible service.
10,I need web search with the strongest answer quality for a research agent; cost is secondary.,tool.data.search,asm_topsis,exa/search-api@v1,Exa Search,exa/search-api@v1,Exa Search,0.6342,0.6342,0.0,1.0,False,2,0.003,0.95,0.6,0.997,Selected by constraint filtering plus preference-weighted TOPSIS.
10,I need web search with the strongest answer quality for a research agent; cost is secondary.,tool.data.search,weighted_average,exa/search-api@v1,Exa Search,exa/search-api@v1,Exa Search,0.6342,0.6342,0.0,1.0,False,2,0.003,0.95,0.6,0.997,weighted_average matched the zero-regret ASM-TOPSIS choice for this request.
10,I need web search with the strongest answer quality for a research agent; cost is secondary.,tool.data.search,cheapest_first,tavily/search-api@v1,Tavily Search,exa/search-api@v1,Exa Search,0.3658,0.6342,0.2684,0.5768,False,2,0.001,0.92,0.8,0.998,cheapest_first optimized a narrower rule and missed the preference-weighted best feasible service.
10,I need web search with the strongest answer quality for a research agent; cost is secondary.,tool.data.search,fastest_first,exa/search-api@v1,Exa Search,exa/search-api@v1,Exa Search,0.6342,0.6342,0.0,1.0,False,2,0.003,0.95,0.6,0.997,fastest_first matched the zero-regret ASM-TOPSIS choice for this request.
10,I need web search with the strongest answer quality for a research agent; cost is secondary.,tool.data.search,highest_quality_first,exa/search-api@v1,Exa Search,exa/search-api@v1,Exa Search,0.6342,0.6342,0.0,1.0,False,2,0.003,0.95,0.6,0.997,highest_quality_first matched the zero-regret ASM-TOPSIS choice for this request.
10,I need web search with the strongest answer quality for a research agent; cost is secondary.,tool.data.search,highest_reliability_first,tavily/search-api@v1,Tavily Search,exa/search-api@v1,Exa Search,0.3658,0.6342,0.2684,0.5768,False,2,0.001,0.92,0.8,0.998,highest_reliability_first optimized a narrower rule and missed the preference-weighted best feasible service.
10,I need web search with the strongest answer quality for a research agent; cost is secondary.,tool.data.search,random,tavily/search-api@v1,Tavily Search,exa/search-api@v1,Exa Search,0.3658,0.6342,0.2684,0.5768,False,2,0.001,0.92,0.8,0.998,random optimized a narrower rule and missed the preference-weighted best feasible service.
11,I need cheap web search for a high-volume enrichment job.,tool.data.search,asm_topsis,tavily/search-api@v1,Tavily Search,tavily/search-api@v1,Tavily Search,0.9487,0.9487,0.0,1.0,False,2,0.001,0.92,0.8,0.998,Selected by constraint filtering plus preference-weighted TOPSIS.
11,I need cheap web search for a high-volume enrichment job.,tool.data.search,weighted_average,tavily/search-api@v1,Tavily Search,tavily/search-api@v1,Tavily Search,0.9487,0.9487,0.0,1.0,False,2,0.001,0.92,0.8,0.998,weighted_average matched the zero-regret ASM-TOPSIS choice for this request.
11,I need cheap web search for a high-volume enrichment job.,tool.data.search,cheapest_first,tavily/search-api@v1,Tavily Search,tavily/search-api@v1,Tavily Search,0.9487,0.9487,0.0,1.0,False,2,0.001,0.92,0.8,0.998,cheapest_first matched the zero-regret ASM-TOPSIS choice for this request.
11,I need cheap web search for a high-volume enrichment job.,tool.data.search,fastest_first,exa/search-api@v1,Exa Search,tavily/search-api@v1,Tavily Search,0.0513,0.9487,0.8974,0.0541,False,2,0.003,0.95,0.6,0.997,fastest_first optimized a narrower rule and missed the preference-weighted best feasible service.
11,I need cheap web search for a high-volume enrichment job.,tool.data.search,highest_quality_first,exa/search-api@v1,Exa Search,tavily/search-api@v1,Tavily Search,0.0513,0.9487,0.8974,0.0541,False,2,0.003,0.95,0.6,0.997,highest_quality_first optimized a narrower rule and missed the preference-weighted best feasible service.
11,I need cheap web search for a high-volume enrichment job.,tool.data.search,highest_reliability_first,tavily/search-api@v1,Tavily Search,tavily/search-api@v1,Tavily Search,0.9487,0.9487,0.0,1.0,False,2,0.001,0.92,0.8,0.998,highest_reliability_first matched the zero-regret ASM-TOPSIS choice for this request.
11,I need cheap web search for a high-volume enrichment job.,tool.data.search,random,exa/search-api@v1,Exa Search,tavily/search-api@v1,Tavily Search,0.0513,0.9487,0.8974,0.0541,False,2,0.003,0.95,0.6,0.997,random optimized a narrower rule and missed the preference-weighted best feasible service.
12,"I need a scraper for many simple pages, so cost dominates.",tool.data.scraping,asm_topsis,jina/reader@v1,Jina Reader,jina/reader@v1,Jina Reader,0.9999,0.9999,0.0,1.0,False,2,0,0.5,2.0,0.996,Selected by constraint filtering plus preference-weighted TOPSIS.
12,"I need a scraper for many simple pages, so cost dominates.",tool.data.scraping,weighted_average,jina/reader@v1,Jina Reader,jina/reader@v1,Jina Reader,0.9999,0.9999,0.0,1.0,False,2,0,0.5,2.0,0.996,weighted_average matched the zero-regret ASM-TOPSIS choice for this request.
12,"I need a scraper for many simple pages, so cost dominates.",tool.data.scraping,cheapest_first,jina/reader@v1,Jina Reader,jina/reader@v1,Jina Reader,0.9999,0.9999,0.0,1.0,False,2,0,0.5,2.0,0.996,cheapest_first matched the zero-regret ASM-TOPSIS choice for this request.
12,"I need a scraper for many simple pages, so cost dominates.",tool.data.scraping,fastest_first,jina/reader@v1,Jina Reader,jina/reader@v1,Jina Reader,0.9999,0.9999,0.0,1.0,False,2,0,0.5,2.0,0.996,fastest_first matched the zero-regret ASM-TOPSIS choice for this request.
12,"I need a scraper for many simple pages, so cost dominates.",tool.data.scraping,highest_quality_first,jina/reader@v1,Jina Reader,jina/reader@v1,Jina Reader,0.9999,0.9999,0.0,1.0,False,2,0,0.5,2.0,0.996,highest_quality_first matched the zero-regret ASM-TOPSIS choice for this request.
12,"I need a scraper for many simple pages, so cost dominates.",tool.data.scraping,highest_reliability_first,firecrawl/scrape@v1,Firecrawl,jina/reader@v1,Jina Reader,0.0001,0.9999,0.9998,0.0001,False,2,0.001,0.5,3.0,0.997,highest_reliability_first optimized a narrower rule and missed the preference-weighted best feasible service.
12,"I need a scraper for many simple pages, so cost dominates.",tool.data.scraping,random,firecrawl/scrape@v1,Firecrawl,jina/reader@v1,Jina Reader,0.0001,0.9999,0.9998,0.0001,False,2,0.001,0.5,3.0,0.997,random optimized a narrower rule and missed the preference-weighted best feasible service.
13,I need a scraper for an interactive agent and prefer the faster option if costs are acceptable.,tool.data.scraping,asm_topsis,jina/reader@v1,Jina Reader,jina/reader@v1,Jina Reader,0.9997,0.9997,0.0,1.0,False,2,0,0.5,2.0,0.996,Selected by constraint filtering plus preference-weighted TOPSIS.
13,I need a scraper for an interactive agent and prefer the faster option if costs are acceptable.,tool.data.scraping,weighted_average,jina/reader@v1,Jina Reader,jina/reader@v1,Jina Reader,0.9997,0.9997,0.0,1.0,False,2,0,0.5,2.0,0.996,weighted_average matched the zero-regret ASM-TOPSIS choice for this request.
13,I need a scraper for an interactive agent and prefer the faster option if costs are acceptable.,tool.data.scraping,cheapest_first,jina/reader@v1,Jina Reader,jina/reader@v1,Jina Reader,0.9997,0.9997,0.0,1.0,False,2,0,0.5,2.0,0.996,cheapest_first matched the zero-regret ASM-TOPSIS choice for this request.
13,I need a scraper for an interactive agent and prefer the faster option if costs are acceptable.,tool.data.scraping,fastest_first,jina/reader@v1,Jina Reader,jina/reader@v1,Jina Reader,0.9997,0.9997,0.0,1.0,False,2,0,0.5,2.0,0.996,fastest_first matched the zero-regret ASM-TOPSIS choice for this request.
13,I need a scraper for an interactive agent and prefer the faster option if costs are acceptable.,tool.data.scraping,highest_quality_first,jina/reader@v1,Jina Reader,jina/reader@v1,Jina Reader,0.9997,0.9997,0.0,1.0,False,2,0,0.5,2.0,0.996,highest_quality_first matched the zero-regret ASM-TOPSIS choice for this request.
13,I need a scraper for an interactive agent and prefer the faster option if costs are acceptable.,tool.data.scraping,highest_reliability_first,firecrawl/scrape@v1,Firecrawl,jina/reader@v1,Jina Reader,0.0003,0.9997,0.9994,0.0003,False,2,0.001,0.5,3.0,0.997,highest_reliability_first optimized a narrower rule and missed the preference-weighted best feasible service.
13,I need a scraper for an interactive agent and prefer the faster option if costs are acceptable.,tool.data.scraping,random,firecrawl/scrape@v1,Firecrawl,jina/reader@v1,Jina Reader,0.0003,0.9997,0.9994,0.0003,False,2,0.001,0.5,3.0,0.997,random optimized a narrower rule and missed the preference-weighted best feasible service.
14,I need cheap GPU serverless compute for a batch inference job.,infra.compute.gpu,asm_topsis,runpod/gpu-serverless@1.0,RunPod Serverless GPU,runpod/gpu-serverless@1.0,RunPod Serverless GPU,1.0,1.0,0.0,1.0,False,2,0.00019,0.5,3.0,0.998,Selected by constraint filtering plus preference-weighted TOPSIS.
14,I need cheap GPU serverless compute for a batch inference job.,infra.compute.gpu,weighted_average,runpod/gpu-serverless@1.0,RunPod Serverless GPU,runpod/gpu-serverless@1.0,RunPod Serverless GPU,1.0,1.0,0.0,1.0,False,2,0.00019,0.5,3.0,0.998,weighted_average matched the zero-regret ASM-TOPSIS choice for this request.
14,I need cheap GPU serverless compute for a batch inference job.,infra.compute.gpu,cheapest_first,runpod/gpu-serverless@1.0,RunPod Serverless GPU,runpod/gpu-serverless@1.0,RunPod Serverless GPU,1.0,1.0,0.0,1.0,False,2,0.00019,0.5,3.0,0.998,cheapest_first matched the zero-regret ASM-TOPSIS choice for this request.
14,I need cheap GPU serverless compute for a batch inference job.,infra.compute.gpu,fastest_first,runpod/gpu-serverless@1.0,RunPod Serverless GPU,runpod/gpu-serverless@1.0,RunPod Serverless GPU,1.0,1.0,0.0,1.0,False,2,0.00019,0.5,3.0,0.998,fastest_first matched the zero-regret ASM-TOPSIS choice for this request.
14,I need cheap GPU serverless compute for a batch inference job.,infra.compute.gpu,highest_quality_first,runpod/gpu-serverless@1.0,RunPod Serverless GPU,runpod/gpu-serverless@1.0,RunPod Serverless GPU,1.0,1.0,0.0,1.0,False,2,0.00019,0.5,3.0,0.998,highest_quality_first matched the zero-regret ASM-TOPSIS choice for this request.
14,I need cheap GPU serverless compute for a batch inference job.,infra.compute.gpu,highest_reliability_first,runpod/gpu-serverless@1.0,RunPod Serverless GPU,runpod/gpu-serverless@1.0,RunPod Serverless GPU,1.0,1.0,0.0,1.0,False,2,0.00019,0.5,3.0,0.998,highest_reliability_first matched the zero-regret ASM-TOPSIS choice for this request.
14,I need cheap GPU serverless compute for a batch inference job.,infra.compute.gpu,random,runpod/gpu-serverless@1.0,RunPod Serverless GPU,runpod/gpu-serverless@1.0,RunPod Serverless GPU,1.0,1.0,0.0,1.0,False,2,0.00019,0.5,3.0,0.998,random matched the zero-regret ASM-TOPSIS choice for this request.
15,I need video generation for a benchmark-quality demo; rank by visual quality above all else.,ai.video.generation,asm_topsis,google/veo-3.1@3.1,Veo 3.1,google/veo-3.1@3.1,Veo 3.1,1.0,1.0,0.0,1.0,False,2,0.2,0.847,45.0,0.997,Selected by constraint filtering plus preference-weighted TOPSIS.
15,I need video generation for a benchmark-quality demo; rank by visual quality above all else.,ai.video.generation,weighted_average,google/veo-3.1@3.1,Veo 3.1,google/veo-3.1@3.1,Veo 3.1,1.0,1.0,0.0,1.0,False,2,0.2,0.847,45.0,0.997,weighted_average matched the zero-regret ASM-TOPSIS choice for this request.
15,I need video generation for a benchmark-quality demo; rank by visual quality above all else.,ai.video.generation,cheapest_first,kuaishou/kling-3.0@3.0,Kling 3.0,google/veo-3.1@3.1,Veo 3.1,0.0,1.0,1.0,0.0,False,2,0.029,0.835,60.0,0.996,cheapest_first optimized a narrower rule and missed the preference-weighted best feasible service.
15,I need video generation for a benchmark-quality demo; rank by visual quality above all else.,ai.video.generation,fastest_first,google/veo-3.1@3.1,Veo 3.1,google/veo-3.1@3.1,Veo 3.1,1.0,1.0,0.0,1.0,False,2,0.2,0.847,45.0,0.997,fastest_first matched the zero-regret ASM-TOPSIS choice for this request.
15,I need video generation for a benchmark-quality demo; rank by visual quality above all else.,ai.video.generation,highest_quality_first,google/veo-3.1@3.1,Veo 3.1,google/veo-3.1@3.1,Veo 3.1,1.0,1.0,0.0,1.0,False,2,0.2,0.847,45.0,0.997,highest_quality_first matched the zero-regret ASM-TOPSIS choice for this request.
15,I need video generation for a benchmark-quality demo; rank by visual quality above all else.,ai.video.generation,highest_reliability_first,google/veo-3.1@3.1,Veo 3.1,google/veo-3.1@3.1,Veo 3.1,1.0,1.0,0.0,1.0,False,2,0.2,0.847,45.0,0.997,highest_reliability_first matched the zero-regret ASM-TOPSIS choice for this request.
15,I need video generation for a benchmark-quality demo; rank by visual quality above all else.,ai.video.generation,random,kuaishou/kling-3.0@3.0,Kling 3.0,google/veo-3.1@3.1,Veo 3.1,0.0,1.0,1.0,0.0,False,2,0.029,0.835,60.0,0.996,random optimized a narrower rule and missed the preference-weighted best feasible service.
16,I need cheap video generation for social drafts and can tolerate lower benchmark quality.,ai.video.generation,asm_topsis,kuaishou/kling-3.0@3.0,Kling 3.0,kuaishou/kling-3.0@3.0,Kling 3.0,0.9619,0.9619,0.0,1.0,False,2,0.029,0.835,60.0,0.996,Selected by constraint filtering plus preference-weighted TOPSIS.
16,I need cheap video generation for social drafts and can tolerate lower benchmark quality.,ai.video.generation,weighted_average,kuaishou/kling-3.0@3.0,Kling 3.0,kuaishou/kling-3.0@3.0,Kling 3.0,0.9619,0.9619,0.0,1.0,False,2,0.029,0.835,60.0,0.996,weighted_average matched the zero-regret ASM-TOPSIS choice for this request.
16,I need cheap video generation for social drafts and can tolerate lower benchmark quality.,ai.video.generation,cheapest_first,kuaishou/kling-3.0@3.0,Kling 3.0,kuaishou/kling-3.0@3.0,Kling 3.0,0.9619,0.9619,0.0,1.0,False,2,0.029,0.835,60.0,0.996,cheapest_first matched the zero-regret ASM-TOPSIS choice for this request.
16,I need cheap video generation for social drafts and can tolerate lower benchmark quality.,ai.video.generation,fastest_first,google/veo-3.1@3.1,Veo 3.1,kuaishou/kling-3.0@3.0,Kling 3.0,0.0381,0.9619,0.9238,0.0396,False,2,0.2,0.847,45.0,0.997,fastest_first optimized a narrower rule and missed the preference-weighted best feasible service.
16,I need cheap video generation for social drafts and can tolerate lower benchmark quality.,ai.video.generation,highest_quality_first,google/veo-3.1@3.1,Veo 3.1,kuaishou/kling-3.0@3.0,Kling 3.0,0.0381,0.9619,0.9238,0.0396,False,2,0.2,0.847,45.0,0.997,highest_quality_first optimized a narrower rule and missed the preference-weighted best feasible service.
16,I need cheap video generation for social drafts and can tolerate lower benchmark quality.,ai.video.generation,highest_reliability_first,google/veo-3.1@3.1,Veo 3.1,kuaishou/kling-3.0@3.0,Kling 3.0,0.0381,0.9619,0.9238,0.0396,False,2,0.2,0.847,45.0,0.997,highest_reliability_first optimized a narrower rule and missed the preference-weighted best feasible service.
16,I need cheap video generation for social drafts and can tolerate lower benchmark quality.,ai.video.generation,random,kuaishou/kling-3.0@3.0,Kling 3.0,kuaishou/kling-3.0@3.0,Kling 3.0,0.9619,0.9619,0.0,1.0,False,2,0.029,0.835,60.0,0.996,random matched the zero-regret ASM-TOPSIS choice for this request.
17,I need real-time speech-to-text for a meeting assistant.,ai.audio.stt,asm_topsis,deepgram/nova@v2,Deepgram Nova-2,deepgram/nova@v2,Deepgram Nova-2,1.0,1.0,0.0,1.0,False,2,0.0043,0.5,0.2,0.999,Selected by constraint filtering plus preference-weighted TOPSIS.
17,I need real-time speech-to-text for a meeting assistant.,ai.audio.stt,weighted_average,deepgram/nova@v2,Deepgram Nova-2,deepgram/nova@v2,Deepgram Nova-2,1.0,1.0,0.0,1.0,False,2,0.0043,0.5,0.2,0.999,weighted_average matched the zero-regret ASM-TOPSIS choice for this request.
17,I need real-time speech-to-text for a meeting assistant.,ai.audio.stt,cheapest_first,deepgram/nova@v2,Deepgram Nova-2,deepgram/nova@v2,Deepgram Nova-2,1.0,1.0,0.0,1.0,False,2,0.0043,0.5,0.2,0.999,cheapest_first matched the zero-regret ASM-TOPSIS choice for this request.
17,I need real-time speech-to-text for a meeting assistant.,ai.audio.stt,fastest_first,deepgram/nova@v2,Deepgram Nova-2,deepgram/nova@v2,Deepgram Nova-2,1.0,1.0,0.0,1.0,False,2,0.0043,0.5,0.2,0.999,fastest_first matched the zero-regret ASM-TOPSIS choice for this request.
17,I need real-time speech-to-text for a meeting assistant.,ai.audio.stt,highest_quality_first,deepgram/nova@v2,Deepgram Nova-2,deepgram/nova@v2,Deepgram Nova-2,1.0,1.0,0.0,1.0,False,2,0.0043,0.5,0.2,0.999,highest_quality_first matched the zero-regret ASM-TOPSIS choice for this request.
17,I need real-time speech-to-text for a meeting assistant.,ai.audio.stt,highest_reliability_first,deepgram/nova@v2,Deepgram Nova-2,deepgram/nova@v2,Deepgram Nova-2,1.0,1.0,0.0,1.0,False,2,0.0043,0.5,0.2,0.999,highest_reliability_first matched the zero-regret ASM-TOPSIS choice for this request.
17,I need real-time speech-to-text for a meeting assistant.,ai.audio.stt,random,deepgram/nova@v2,Deepgram Nova-2,deepgram/nova@v2,Deepgram Nova-2,1.0,1.0,0.0,1.0,False,2,0.0043,0.5,0.2,0.999,random matched the zero-regret ASM-TOPSIS choice for this request.
18,I need low-cost speech transcription for a batch audio archive.,ai.audio.stt,asm_topsis,deepgram/nova@v2,Deepgram Nova-2,deepgram/nova@v2,Deepgram Nova-2,1.0,1.0,0.0,1.0,False,2,0.0043,0.5,0.2,0.999,Selected by constraint filtering plus preference-weighted TOPSIS.
18,I need low-cost speech transcription for a batch audio archive.,ai.audio.stt,weighted_average,deepgram/nova@v2,Deepgram Nova-2,deepgram/nova@v2,Deepgram Nova-2,1.0,1.0,0.0,1.0,False,2,0.0043,0.5,0.2,0.999,weighted_average matched the zero-regret ASM-TOPSIS choice for this request.
18,I need low-cost speech transcription for a batch audio archive.,ai.audio.stt,cheapest_first,deepgram/nova@v2,Deepgram Nova-2,deepgram/nova@v2,Deepgram Nova-2,1.0,1.0,0.0,1.0,False,2,0.0043,0.5,0.2,0.999,cheapest_first matched the zero-regret ASM-TOPSIS choice for this request.
18,I need low-cost speech transcription for a batch audio archive.,ai.audio.stt,fastest_first,deepgram/nova@v2,Deepgram Nova-2,deepgram/nova@v2,Deepgram Nova-2,1.0,1.0,0.0,1.0,False,2,0.0043,0.5,0.2,0.999,fastest_first matched the zero-regret ASM-TOPSIS choice for this request.
18,I need low-cost speech transcription for a batch audio archive.,ai.audio.stt,highest_quality_first,deepgram/nova@v2,Deepgram Nova-2,deepgram/nova@v2,Deepgram Nova-2,1.0,1.0,0.0,1.0,False,2,0.0043,0.5,0.2,0.999,highest_quality_first matched the zero-regret ASM-TOPSIS choice for this request.
18,I need low-cost speech transcription for a batch audio archive.,ai.audio.stt,highest_reliability_first,deepgram/nova@v2,Deepgram Nova-2,deepgram/nova@v2,Deepgram Nova-2,1.0,1.0,0.0,1.0,False,2,0.0043,0.5,0.2,0.999,highest_reliability_first matched the zero-regret ASM-TOPSIS choice for this request.
18,I need low-cost speech transcription for a batch audio archive.,ai.audio.stt,random,deepgram/nova@v2,Deepgram Nova-2,deepgram/nova@v2,Deepgram Nova-2,1.0,1.0,0.0,1.0,False,2,0.0043,0.5,0.2,0.999,random matched the zero-regret ASM-TOPSIS choice for this request.
19,I need a todo API for a fast personal productivity agent.,tool.productivity.todo,asm_topsis,todoist/api@v2,Todoist,todoist/api@v2,Todoist,0.982,0.982,0.0,1.0,False,3,0,0.044000000000000004,0.12,0.999,Selected by constraint filtering plus preference-weighted TOPSIS.
19,I need a todo API for a fast personal productivity agent.,tool.productivity.todo,weighted_average,todoist/api@v2,Todoist,todoist/api@v2,Todoist,0.982,0.982,0.0,1.0,False,3,0,0.044000000000000004,0.12,0.999,weighted_average matched the zero-regret ASM-TOPSIS choice for this request.
19,I need a todo API for a fast personal productivity agent.,tool.productivity.todo,cheapest_first,todoist/api@v2,Todoist,todoist/api@v2,Todoist,0.982,0.982,0.0,1.0,False,3,0,0.044000000000000004,0.12,0.999,cheapest_first matched the zero-regret ASM-TOPSIS choice for this request.
19,I need a todo API for a fast personal productivity agent.,tool.productivity.todo,fastest_first,todoist/api@v2,Todoist,todoist/api@v2,Todoist,0.982,0.982,0.0,1.0,False,3,0,0.044000000000000004,0.12,0.999,fastest_first matched the zero-regret ASM-TOPSIS choice for this request.
19,I need a todo API for a fast personal productivity agent.,tool.productivity.todo,highest_quality_first,ticktick/api@v2,TickTick,todoist/api@v2,Todoist,0.6259,0.982,0.3561,0.6374,False,3,0,0.045,0.15,0.998,highest_quality_first optimized a narrower rule and missed the preference-weighted best feasible service.
19,I need a todo API for a fast personal productivity agent.,tool.productivity.todo,highest_reliability_first,google/tasks-api@v1,Google Tasks,todoist/api@v2,Todoist,0.0006,0.982,0.9814,0.0006,False,3,0,0.042,0.2,0.9995,highest_reliability_first optimized a narrower rule and missed the preference-weighted best feasible service.
19,I need a todo API for a fast personal productivity agent.,tool.productivity.todo,random,google/tasks-api@v1,Google Tasks,todoist/api@v2,Todoist,0.0006,0.982,0.9814,0.0006,False,3,0,0.042,0.2,0.9995,random optimized a narrower rule and missed the preference-weighted best feasible service.
20,I need a todo API where app quality and reliability matter more than raw latency.,tool.productivity.todo,asm_topsis,todoist/api@v2,Todoist,todoist/api@v2,Todoist,0.8626,0.8626,0.0,1.0,False,3,0,0.044000000000000004,0.12,0.999,Selected by constraint filtering plus preference-weighted TOPSIS.
20,I need a todo API where app quality and reliability matter more than raw latency.,tool.productivity.todo,weighted_average,todoist/api@v2,Todoist,todoist/api@v2,Todoist,0.8626,0.8626,0.0,1.0,False,3,0,0.044000000000000004,0.12,0.999,weighted_average matched the zero-regret ASM-TOPSIS choice for this request.
20,I need a todo API where app quality and reliability matter more than raw latency.,tool.productivity.todo,cheapest_first,todoist/api@v2,Todoist,todoist/api@v2,Todoist,0.8626,0.8626,0.0,1.0,False,3,0,0.044000000000000004,0.12,0.999,cheapest_first matched the zero-regret ASM-TOPSIS choice for this request.
20,I need a todo API where app quality and reliability matter more than raw latency.,tool.productivity.todo,fastest_first,todoist/api@v2,Todoist,todoist/api@v2,Todoist,0.8626,0.8626,0.0,1.0,False,3,0,0.044000000000000004,0.12,0.999,fastest_first matched the zero-regret ASM-TOPSIS choice for this request.
20,I need a todo API where app quality and reliability matter more than raw latency.,tool.productivity.todo,highest_quality_first,ticktick/api@v2,TickTick,todoist/api@v2,Todoist,0.6816,0.8626,0.181,0.7902,False,3,0,0.045,0.15,0.998,highest_quality_first optimized a narrower rule and missed the preference-weighted best feasible service.
20,I need a todo API where app quality and reliability matter more than raw latency.,tool.productivity.todo,highest_reliability_first,google/tasks-api@v1,Google Tasks,todoist/api@v2,Todoist,0.0036,0.8626,0.859,0.0042,False,3,0,0.042,0.2,0.9995,highest_reliability_first optimized a narrower rule and missed the preference-weighted best feasible service.
20,I need a todo API where app quality and reliability matter more than raw latency.,tool.productivity.todo,random,google/tasks-api@v1,Google Tasks,todoist/api@v2,Todoist,0.0036,0.8626,0.859,0.0042,False,3,0,0.042,0.2,0.9995,random optimized a narrower rule and missed the preference-weighted best feasible service.
