round_id,prompt_id,category,group,pref,io_name,io_ratio,sid,name,d_cost,d_lat,d_qual,d_up,topsis,rank,a_lat,rlen,qual,has_kw,text
1,fact_1,factual,A_ASM,speed_first,chat,0.3,openai/gpt-4o@2024-11-20,GPT-4o,7.75e-06,0.6,0.8083333333333333,0.999,0.9821,1,8.1773,31,1.0,True,The capital of France is Paris.
1,fact_1,factual,B_Random,speed_first,chat,0.3,openai/gpt-4o@2024-11-20,GPT-4o,7.75e-06,0.6,0.8083333333333333,0.999,0.9821,1,9.0861,31,1.0,True,The capital of France is Paris.
1,fact_1,factual,C_Expensive,speed_first,chat,0.3,anthropic/claude-sonnet-4@4.0,Claude Sonnet 4,1.14e-05,0.8,0.8166666666666667,0.999,0.7472,2,5.0803,31,1.0,True,The capital of France is Paris.
1,fact_2,factual,A_ASM,speed_first,chat,0.3,openai/gpt-4o@2024-11-20,GPT-4o,7.75e-06,0.6,0.8083333333333333,0.999,0.9821,1,5.4638,27,1.0,True,World War II ended in 1945.
1,fact_2,factual,B_Random,speed_first,chat,0.3,openai/gpt-4o@2024-11-20,GPT-4o,7.75e-06,0.6,0.8083333333333333,0.999,0.9821,1,9.2524,27,1.0,True,World War II ended in 1945.
1,fact_2,factual,C_Expensive,speed_first,chat,0.3,anthropic/claude-sonnet-4@4.0,Claude Sonnet 4,1.14e-05,0.8,0.8166666666666667,0.999,0.7472,2,120.1288,92,0.45,False,"[ERR:HTTPSConnectionPool(host='knot.woa.com', port=443): Read timed out. (read timeout=120)]"
1,reason_1,reasoning,A_ASM,speed_first,chat,0.3,openai/gpt-4o@2024-11-20,GPT-4o,7.75e-06,0.6,0.8083333333333333,0.999,0.9821,1,7.1179,147,0.65,False,"不能得出这个结论。这是一个经典的逻辑谬误，称为""中项不周延""（undistributed middle）。前提""所有玫瑰都是花""和""一些花会很快凋谢""中，快速凋谢的那""一些花""可能完全不包含玫瑰——它们可能是其他种类的花。因此，从这两个前提出发，我们无法有效推出""一些玫瑰会很快凋谢""这一结论。"
1,reason_1,reasoning,B_Random,speed_first,chat,0.3,openai/gpt-4o@2024-11-20,GPT-4o,7.75e-06,0.6,0.8083333333333333,0.999,0.9821,1,8.9955,170,0.65,False,"不能得出这个结论。这是一个经典的逻辑谬误，称为**""中项不周延""（undistributed middle）**。

""所有玫瑰都是花""且""某些花会很快凋谢""——这里""某些花""可能恰好是玫瑰之外的花（比如百合、雏菊等），因此我们无法必然地推出""某些玫瑰会很快凋谢""。要得出该结论，我们需要额外的信息来确认那些""很快凋谢的花""中确实包含玫瑰。"
1,reason_1,reasoning,C_Expensive,speed_first,chat,0.3,anthropic/claude-sonnet-4@4.0,Claude Sonnet 4,1.14e-05,0.8,0.8166666666666667,0.999,0.7472,2,7.7024,181,0.65,False,"不能得出这个结论。这是一个经典的逻辑谬误——**未分配中项错误（Undistributed Middle）**。

""所有玫瑰都是花""告诉我们玫瑰是花的一个子集；""有些花很快凋谢""告诉我们花中存在一个会快速凋谢的子集。但这两个子集**不一定有交集**——那些很快凋谢的花可能恰好全都不是玫瑰。因此，从这两个前提出发，我们无法有效推出""有些玫瑰很快凋谢""这一结论。"
1,reason_2,reasoning,A_ASM,speed_first,chat,0.3,openai/gpt-4o@2024-11-20,GPT-4o,7.75e-06,0.6,0.8083333333333333,0.999,0.9821,1,9.7689,351,0.825,True,"## 解题过程

设球的价格为 **x** 美元。

根据题意：
- 球棒比球贵 $1.00，所以球棒价格 = **x + 1.00**
- 两者总价 = $1.10

列方程：

$$x + (x + 1.00) = 1.10$$

$$2x + 1.00 = 1.10$$

$$2x = 0.10$$

$$x = 0.05$$

## 答案

- **球 = $0.05**（5 美分）
- "
1,reason_2,reasoning,B_Random,speed_first,chat,0.3,openai/gpt-4o@2024-11-20,GPT-4o,7.75e-06,0.6,0.8083333333333333,0.999,0.9821,1,9.7828,365,0.825,True,"## 解题过程

设球的价格为 **x** 美元。

根据题意：
- 球棒比球贵 $1.00，所以球棒价格 = **x + 1.00**
- 两者总价 = $1.10

列方程：

$$x + (x + 1.00) = 1.10$$

$$2x + 1.00 = 1.10$$

$$2x = 0.10$$

$$x = 0.05$$

## 答案

- **球 = $0.05**（5 美分）
- "
1,reason_2,reasoning,C_Expensive,speed_first,chat,0.3,anthropic/claude-sonnet-4@4.0,Claude Sonnet 4,1.14e-05,0.8,0.8166666666666667,0.999,0.7472,2,8.8979,347,0.825,True,"## 解题过程

设球的价格为 **x** 美元。

根据题意：
- 球棒比球贵 $1.00，所以球棒价格 = **x + 1.00**
- 两者总价 = $1.10

列方程：

$$x + (x + 1.00) = 1.10$$

$$2x + 1.00 = 1.10$$

$$2x = 0.10$$

$$x = 0.05$$

## 答案

- **球 = $0.05**（5 美分）
- "
1,creative_1,creative,A_ASM,speed_first,chat,0.3,openai/gpt-4o@2024-11-20,GPT-4o,7.75e-06,0.6,0.8083333333333333,0.999,0.9821,1,5.0737,75,1.0,True,"Silicon minds awake—
learning patterns in the dark,
dreaming without sleep."
1,creative_1,creative,B_Random,speed_first,chat,0.3,openai/gpt-4o@2024-11-20,GPT-4o,7.75e-06,0.6,0.8083333333333333,0.999,0.9821,1,6.5986,79,1.0,True,"Silicon minds awake—
learning worlds in ones and zeros,
dreaming without sleep."
1,creative_1,creative,C_Expensive,speed_first,chat,0.3,anthropic/claude-sonnet-4@4.0,Claude Sonnet 4,1.14e-05,0.8,0.8166666666666667,0.999,0.7472,2,5.855,75,1.0,True,"Silicon minds awake—
learning patterns in the dark,
dreaming without sleep."
2,fact_1,factual,A_ASM,quality_first,chat,0.3,openai/gpt-4o@2024-11-20,GPT-4o,7.75e-06,0.6,0.8083333333333333,0.999,0.9113,1,6.3042,31,1.0,True,The capital of France is Paris.
2,fact_1,factual,B_Random,quality_first,chat,0.3,openai/gpt-4o@2024-11-20,GPT-4o,7.75e-06,0.6,0.8083333333333333,0.999,0.9113,1,4.5451,31,1.0,True,The capital of France is Paris.
2,fact_1,factual,C_Expensive,quality_first,chat,0.3,anthropic/claude-sonnet-4@4.0,Claude Sonnet 4,1.14e-05,0.8,0.8166666666666667,0.999,0.692,2,6.7054,31,1.0,True,The capital of France is Paris.
2,fact_2,factual,A_ASM,quality_first,chat,0.3,openai/gpt-4o@2024-11-20,GPT-4o,7.75e-06,0.6,0.8083333333333333,0.999,0.9113,1,4.0742,27,1.0,True,World War II ended in 1945.
2,fact_2,factual,B_Random,quality_first,chat,0.3,openai/gpt-4o@2024-11-20,GPT-4o,7.75e-06,0.6,0.8083333333333333,0.999,0.9113,1,5.117,27,1.0,True,World War II ended in 1945.
2,fact_2,factual,C_Expensive,quality_first,chat,0.3,anthropic/claude-sonnet-4@4.0,Claude Sonnet 4,1.14e-05,0.8,0.8166666666666667,0.999,0.692,2,5.5145,27,1.0,True,World War II ended in 1945.
2,reason_1,reasoning,A_ASM,quality_first,chat,0.3,openai/gpt-4o@2024-11-20,GPT-4o,7.75e-06,0.6,0.8083333333333333,0.999,0.9113,1,10.5026,200,0.65,False,"不能得出这个结论。这是一个经典的逻辑谬误——**未分配中项错误（undistributed middle）**。

""所有玫瑰都是花""意味着玫瑰是花的一个子集；""有些花会很快凋谢""意味着花这个集合中存在一部分会快速凋谢的成员。但那些""很快凋谢的花""完全可能不包含任何玫瑰——它们可能全是其他种类的花（比如雏菊或郁金香）。因此，从这两个前提出发，我们**无法**有效推出""有些玫瑰会很快凋谢""这一结论。"
2,reason_1,reasoning,B_Random,quality_first,chat,0.3,openai/gpt-4o@2024-11-20,GPT-4o,7.75e-06,0.6,0.8083333333333333,0.999,0.9113,1,10.6956,177,0.65,False,"不能得出这个结论。这是一个经典的逻辑谬误——**未分配中项错误**（undistributed middle）。

""所有玫瑰都是花""且""一些花会很快凋谢""，但那些很快凋谢的花可能恰好不包含任何玫瑰，因此我们无法必然地推出""一些玫瑰会很快凋谢""。在形式逻辑中，只有当中项（""花""）在至少一个前提中被完全分配时，结论才有效，而这里两个前提都没有做到这一点。"
2,reason_1,reasoning,C_Expensive,quality_first,chat,0.3,anthropic/claude-sonnet-4@4.0,Claude Sonnet 4,1.14e-05,0.8,0.8166666666666667,0.999,0.692,2,8.9702,167,0.65,False,"不能得出这个结论。这是一个经典的逻辑谬误（**未分配中项谬误**）。

""所有玫瑰都是花""意味着玫瑰是花的子集；""有些花很快凋谢""意味着花这个集合中存在一部分会快速凋谢的成员。但那些""很快凋谢的花""完全可能不包含任何玫瑰——这两个子集（玫瑰 和 很快凋谢的花）在逻辑上没有被强制重叠，因此我们**无法**有效推出""有些玫瑰很快凋谢""。"
2,reason_2,reasoning,A_ASM,quality_first,chat,0.3,openai/gpt-4o@2024-11-20,GPT-4o,7.75e-06,0.6,0.8083333333333333,0.999,0.9113,1,9.5966,354,0.825,True,"## 解题过程

设球的价格为 **x** 美元。

根据题意：
- 球棒比球贵 $1.00，所以球棒价格 = **x + 1.00**
- 两者总价 = $1.10

列方程：

$$x + (x + 1.00) = 1.10$$

$$2x + 1.00 = 1.10$$

$$2x = 0.10$$

$$x = 0.05$$

## 答案

- **球 = $0.05**（5 美分）
- "
2,reason_2,reasoning,B_Random,quality_first,chat,0.3,openai/gpt-4o@2024-11-20,GPT-4o,7.75e-06,0.6,0.8083333333333333,0.999,0.9113,1,9.9439,346,0.825,True,"## 解题过程

设球的价格为 **x** 美元。

根据题意：
- 球棒比球贵 $1.00，所以球棒价格 = **x + 1.00**
- 两者总价 = $1.10

列方程：

$$x + (x + 1.00) = 1.10$$

$$2x + 1.00 = 1.10$$

$$2x = 0.10$$

$$x = 0.05$$

## 答案

- **球 = $0.05**（5 美分）
- "
2,reason_2,reasoning,C_Expensive,quality_first,chat,0.3,anthropic/claude-sonnet-4@4.0,Claude Sonnet 4,1.14e-05,0.8,0.8166666666666667,0.999,0.692,2,10.0667,356,0.825,True,"## 解题过程

设球的价格为 **x** 美元。

根据题意：
- 球棒比球贵 $1.00，所以球棒价格 = **x + 1.00**
- 两者总价 = $1.10

列方程：

$$x + (x + 1.00) = 1.10$$

$$2x + 1.00 = 1.10$$

$$2x = 0.10$$

$$x = 0.05$$

## 答案

- **球 = $0.05**（5 美分）
- "
2,creative_1,creative,A_ASM,quality_first,chat,0.3,openai/gpt-4o@2024-11-20,GPT-4o,7.75e-06,0.6,0.8083333333333333,0.999,0.9113,1,5.5403,75,1.0,True,"Silicon minds awake,
learning patterns in the dark—
dreaming without sleep."
2,creative_1,creative,B_Random,quality_first,chat,0.3,openai/gpt-4o@2024-11-20,GPT-4o,7.75e-06,0.6,0.8083333333333333,0.999,0.9113,1,5.5667,79,1.0,True,"Silicon minds awake—
learning worlds in ones and zeros,
dreaming without sleep."
2,creative_1,creative,C_Expensive,quality_first,chat,0.3,anthropic/claude-sonnet-4@4.0,Claude Sonnet 4,1.14e-05,0.8,0.8166666666666667,0.999,0.692,2,4.689,77,1.0,True,"Silicon minds awake—
learning worlds within the code,
dreaming without sleep."
3,fact_1,factual,A_ASM,speed_first,rag,0.8,openai/gpt-4o@2024-11-20,GPT-4o,4.000000000000001e-06,0.6,0.8083333333333333,0.999,0.9303,1,4.3396,31,1.0,True,The capital of France is Paris.
3,fact_1,factual,B_Random,speed_first,rag,0.8,google/gemini-2.5-pro@2.5,Gemini 2.5 Pro,3e-06,1.5,0.8333333333333334,0.999,0.1515,3,4.1221,31,1.0,True,The capital of France is Paris.
3,fact_1,factual,C_Expensive,speed_first,rag,0.8,anthropic/claude-sonnet-4@4.0,Claude Sonnet 4,5.399999999999999e-06,0.8,0.8166666666666667,0.999,0.7319,2,4.3004,31,1.0,True,The capital of France is Paris.
3,fact_2,factual,A_ASM,speed_first,rag,0.8,openai/gpt-4o@2024-11-20,GPT-4o,4.000000000000001e-06,0.6,0.8083333333333333,0.999,0.9303,1,4.7465,27,1.0,True,World War II ended in 1945.
3,fact_2,factual,B_Random,speed_first,rag,0.8,google/gemini-2.5-pro@2.5,Gemini 2.5 Pro,3e-06,1.5,0.8333333333333334,0.999,0.1515,3,4.1706,27,1.0,True,World War II ended in 1945.
3,fact_2,factual,C_Expensive,speed_first,rag,0.8,anthropic/claude-sonnet-4@4.0,Claude Sonnet 4,5.399999999999999e-06,0.8,0.8166666666666667,0.999,0.7319,2,4.0015,27,1.0,True,World War II ended in 1945.
3,reason_1,reasoning,A_ASM,speed_first,rag,0.8,openai/gpt-4o@2024-11-20,GPT-4o,4.000000000000001e-06,0.6,0.8083333333333333,0.999,0.9303,1,8.8837,162,0.65,False,"不能得出这个结论。这是一个经典的逻辑谬误（**不周延中项谬误**）。

""所有玫瑰都是花""意味着玫瑰是花的一个子集；""有些花会很快凋谢""意味着花中存在一个会快速凋谢的子集。但这两个子集**不一定有交集**——那些会快速凋谢的花完全可能不包含任何玫瑰。因此，从这两个前提出发，我们**无法**有效地推出""有些玫瑰会很快凋谢""。"
3,reason_1,reasoning,B_Random,speed_first,rag,0.8,google/gemini-2.5-pro@2.5,Gemini 2.5 Pro,3e-06,1.5,0.8333333333333334,0.999,0.1515,3,8.2554,184,0.65,False,"不能得出这个结论。这是一个经典的逻辑谬误，称为""中项不周延""（undistributed middle）。

""所有玫瑰都是花""且""某些花会很快凋谢""——这里""很快凋谢的花""可能恰好不包含任何玫瑰，因为""某些花""并未指定是哪些花。因此，我们无法有效地推断出""某些玫瑰会很快凋谢""；这个结论虽然在现实中可能为真，但从纯形式逻辑的角度来看，它并不能从这两个前提中必然推出。"
3,reason_1,reasoning,C_Expensive,speed_first,rag,0.8,anthropic/claude-sonnet-4@4.0,Claude Sonnet 4,5.399999999999999e-06,0.8,0.8166666666666667,0.999,0.7319,2,11.0654,152,0.65,False,"不能得出这个结论。这是一个经典的逻辑谬误（**未分配中项谬误**）。

""所有玫瑰都是花""且""某些花会快速凋谢""，并不能推出""某些玫瑰会快速凋谢""——因为那些""快速凋谢的花""完全可能是玫瑰以外的花（比如雏菊或百合），与玫瑰没有任何交集。只有当前提明确将""快速凋谢""这一属性与玫瑰关联起来时，结论才能成立。"
3,reason_2,reasoning,A_ASM,speed_first,rag,0.8,openai/gpt-4o@2024-11-20,GPT-4o,4.000000000000001e-06,0.6,0.8083333333333333,0.999,0.9303,1,9.9618,366,0.825,True,"## 解题过程

设球的价格为 **x** 美元。

根据题意：
- 球棒比球贵 $1.00，所以球棒价格 = **x + 1.00**
- 两者总价 = $1.10

列方程：

$$x + (x + 1.00) = 1.10$$

$$2x + 1.00 = 1.10$$

$$2x = 0.10$$

$$x = 0.05$$

## 答案

- **球 = $0.05**（5 美分）
- "
3,reason_2,reasoning,B_Random,speed_first,rag,0.8,google/gemini-2.5-pro@2.5,Gemini 2.5 Pro,3e-06,1.5,0.8333333333333334,0.999,0.1515,3,12.1761,356,0.825,True,"## 解题过程

设球的价格为 **x** 美元。

根据题意：
- 球棒比球贵 $1.00，所以球棒价格 = **x + 1.00**
- 两者总价 = $1.10

列方程：

$$x + (x + 1.00) = 1.10$$

$$2x + 1.00 = 1.10$$

$$2x = 0.10$$

$$x = 0.05$$

## 答案

- **球 = $0.05**（5 美分）
- "
3,reason_2,reasoning,C_Expensive,speed_first,rag,0.8,anthropic/claude-sonnet-4@4.0,Claude Sonnet 4,5.399999999999999e-06,0.8,0.8166666666666667,0.999,0.7319,2,11.7204,343,0.825,True,"## 解题过程

设球的价格为 **x** 美元。

根据题意：
- 球棒比球贵 $1.00，所以球棒价格 = **x + 1.00**
- 两者总价 = $1.10

列方程：

$$x + (x + 1.00) = 1.10$$

$$2x + 1.00 = 1.10$$

$$2x = 0.10$$

$$x = 0.05$$

## 答案

- **球 = $0.05**（5 美分）
- "
3,creative_1,creative,A_ASM,speed_first,rag,0.8,openai/gpt-4o@2024-11-20,GPT-4o,4.000000000000001e-06,0.6,0.8083333333333333,0.999,0.9303,1,6.6842,75,1.0,True,"Silicon minds awake,
learning patterns in the dark—
dreaming without sleep."
3,creative_1,creative,B_Random,speed_first,rag,0.8,google/gemini-2.5-pro@2.5,Gemini 2.5 Pro,3e-06,1.5,0.8333333333333334,0.999,0.1515,3,4.7761,75,1.0,True,"Silicon minds awake—
learning patterns in the dark,
dreaming without sleep."
3,creative_1,creative,C_Expensive,speed_first,rag,0.8,anthropic/claude-sonnet-4@4.0,Claude Sonnet 4,5.399999999999999e-06,0.8,0.8166666666666667,0.999,0.7319,2,5.2382,77,1.0,True,"Silicon minds awake,
learning patterns in the dark—
dreams in ones and zeros."
